{
  "version": "2.1.0",
  "N_measured": 113,
  "coverage_excitation": 0.6637168141592921,
  "coverage_emission": 0.6637168141592921,
  "coverage_contrast": 1.0
}